سوال,جواب
بارش کا کیا امکان ہے؟,آپکے علاقے میں اس مہینے کے تیسرے ہفتے میں بارش کا امکان ہےاس سے پہلےخشک سردی میں اضافے کا امکان ہے۔
ہمارے علاقے میں بارش کا کیا امکان ہے؟,آپکے علاقے میں اس مہینے کے تیسرے ہفتے میں بارش کا امکان ہےاس سے پہلےخشک سردی میں اضافے کا امکان ہے۔
بارش کب متوقع ہے؟,آپکے علاقے میں اس مہینے کے تیسرے ہفتے میں بارش کا امکان ہےاس سے پہلےخشک سردی میں اضافے کا امکان ہے۔
ہمارے علاقے میں بارش کب ہو گی؟,آپکے علاقے میں اس مہینے کے تیسرے ہفتے میں بارش کا امکان ہےاس سے پہلےخشک سردی میں اضافے کا امکان ہے۔
"میں فصل کو پانی لگا نے لگا ہوں، آسمان پر بادل نظر آرہے ہیں، سوچا بارش کے بارے پوچھ لوں؟","آسمان پر جو بادل نظر آرہے ہیں ان سے بارش کا  امکان نہیں ہے، آپ پانی لگا سکتے ہیں۔"
"میرے گائوں میں مسلسل تین دن سے بارش چل رہی ہے، مزید کتنے دن تک بارش چلنے کا مکان ہے؟",آپ کے علاقے میں مزید دو دن بارش کا امکان ہے اور اس سلسلے کے بعد ایک اور بارش کا سلسلہ متوقع ہے۔ نیا سلسلہ دس دن کے وقفے سے شروع ہو سکتا ہے۔
"میرے شہر میں ایک مہینے سے بارش نہیں ہوئی، ہمارا علاقی بارانی ہے، فصل سوکھ رہی ہے بارش کب ہو گی؟","ہم آپ کی پریشانی کو سمجھتے ہیں، اگلے دس روز میں بارش کا امکان نہیں ہے، جیسے ہی بارش کا امکان ہو گا آپ کو میسج یا کال کے زریعے آگاہ کر دیا جائے گا۔"
میرے گاؤں میں کتنی بارش متوقع ہے؟,آپ کے علاقے میں مزید دو دن بارش کا امکان ہے اور اس سلسلے کے بعد ایک اور بارش کا سلسلہ متوقع ہے۔ نیا سلسلہ دس دن کے وقفے سے شروع ہو سکتا ہے۔
میرے گاؤں میں بارش کب متوقع ہے؟,آپکے علاقے میں اس مہینے کے تیسرے ہفتے میں بارش کا امکان ہےاس سے پہلےخشک سردی میں اضافے کا امکان ہے۔
میرے گاؤں میں کتنی بارش ہو گی؟,آپ کے علاقے میں مزید دو دن بارش کا امکان ہے اور اس سلسلے کے بعد ایک اور بارش کا سلسلہ متوقع ہے۔ نیا سلسلہ دس دن کے وقفے سے شروع ہو سکتا ہے۔
بارش کب رکے گی؟,آپ کے علاقے میں مزید دو دن بارش کا امکان ہے اور اس سلسلے کے بعد ایک اور بارش کا سلسلہ متوقع ہے۔ نیا سلسلہ دس دن کے وقفے سے شروع ہو سکتا ہے۔
بارش کے رکنے کے کیا امکانات ہیں؟,آپ کے علاقے میں مزید دو دن بارش کا امکان ہے اور اس سلسلے کے بعد ایک اور بارش کا سلسلہ متوقع ہے۔ نیا سلسلہ دس دن کے وقفے سے شروع ہو سکتا ہے۔
بارش کے ختم ہونے کے کیا امکانات ہیں؟,آپ کے علاقے میں مزید دو دن بارش کا امکان ہے اور اس سلسلے کے بعد ایک اور بارش کا سلسلہ متوقع ہے۔ نیا سلسلہ دس دن کے وقفے سے شروع ہو سکتا ہے۔
کیا میں اپنے کھیت کو پانی دے سکتا ہوں؟,"آسمان پر جو بادل نظر آرہے ہیں ان سے بارش کا  امکان نہیں ہے، آپ پانی لگا سکتے ہیں۔"
بادل ہیں تو بارش کا کیا امکان ہے؟,آسمان پر جو بادل نظر آرہے ہیں ان سے بارش کا  امکان نہیں ہے
بارش کب ہو گی؟,آپکے علاقے میں اس مہینے کے تیسرے ہفتے میں بارش کا امکان ہےاس سے پہلےخشک سردی میں اضافے کا امکان ہے۔
"کئی دنوں سے بارش نہیں ہو رہی، بارش کب ہو گی؟","ہم آپ کی پریشانی کو سمجھتے ہیں، اگلے دس روز میں بارش کا امکان نہیں ہے، جیسے ہی بارش کا امکان ہو گا آپ کو میسج یا کال کے زریعے آگاہ کر دیا جائے گا۔"
میرے ضلع میں موسم کیسا ہے؟,آپ کے علاقے میں مزید دو دن بارش کا امکان ہے اور اس سلسلے کے بعد ایک اور بارش کا سلسلہ متوقع ہے۔ نیا سلسلہ دس دن کے وقفے سے شروع ہو سکتا ہے۔
میرے ضلع میں موسم کی کیا حالت ہے؟,آپ کے علاقے میں مزید دو دن بارش کا امکان ہے اور اس سلسلے کے بعد ایک اور بارش کا سلسلہ متوقع ہے۔ نیا سلسلہ دس دن کے وقفے سے شروع ہو سکتا ہے۔
میرے ضلع میں موسم کی کیا صورتحال ہے؟,آپ کے علاقے میں مزید دو دن بارش کا امکان ہے اور اس سلسلے کے بعد ایک اور بارش کا سلسلہ متوقع ہے۔ نیا سلسلہ دس دن کے وقفے سے شروع ہو سکتا ہے۔
میرے علاقے میں موسم کیسا ہے؟,آپ کے علاقے میں مزید دو دن بارش کا امکان ہے اور اس سلسلے کے بعد ایک اور بارش کا سلسلہ متوقع ہے۔ نیا سلسلہ دس دن کے وقفے سے شروع ہو سکتا ہے۔
میرے علاقے میں موسم کی کیا حالت ہے؟,آپ کے علاقے میں مزید دو دن بارش کا امکان ہے اور اس سلسلے کے بعد ایک اور بارش کا سلسلہ متوقع ہے۔ نیا سلسلہ دس دن کے وقفے سے شروع ہو سکتا ہے۔
میرے علاقے میں موسم کی کیا صورتحال ہے؟,آپ کے علاقے میں مزید دو دن بارش کا امکان ہے اور اس سلسلے کے بعد ایک اور بارش کا سلسلہ متوقع ہے۔ نیا سلسلہ دس دن کے وقفے سے شروع ہو سکتا ہے۔
موسم کیسا ہے؟,آپ کے علاقے میں مزید دو دن بارش کا امکان ہے اور اس سلسلے کے بعد ایک اور بارش کا سلسلہ متوقع ہے۔ نیا سلسلہ دس دن کے وقفے سے شروع ہو سکتا ہے۔
موسم کی حالت کیسی ہے؟,آپ کے علاقے میں مزید دو دن بارش کا امکان ہے اور اس سلسلے کے بعد ایک اور بارش کا سلسلہ متوقع ہے۔ نیا سلسلہ دس دن کے وقفے سے شروع ہو سکتا ہے۔
موسم کی صورتحال کیسی ہے؟,آپ کے علاقے میں مزید دو دن بارش کا امکان ہے اور اس سلسلے کے بعد ایک اور بارش کا سلسلہ متوقع ہے۔ نیا سلسلہ دس دن کے وقفے سے شروع ہو سکتا ہے۔
موسم کی کیا صورتحال ہے؟,آپ کے علاقے میں مزید دو دن بارش کا امکان ہے اور اس سلسلے کے بعد ایک اور بارش کا سلسلہ متوقع ہے۔ نیا سلسلہ دس دن کے وقفے سے شروع ہو سکتا ہے۔
موسم کی حالت کیا ہے؟,آپ کے علاقے میں مزید دو دن بارش کا امکان ہے اور اس سلسلے کے بعد ایک اور بارش کا سلسلہ متوقع ہے۔ نیا سلسلہ دس دن کے وقفے سے شروع ہو سکتا ہے۔
آج موسم کی کیا صورتحال ہے؟,آپ کے علاقے میں مزید دو دن بارش کا امکان ہے اور اس سلسلے کے بعد ایک اور بارش کا سلسلہ متوقع ہے۔ نیا سلسلہ دس دن کے وقفے سے شروع ہو سکتا ہے۔
کل موسم کی کیا صورتحال رہے گی؟,آپ کے علاقے میں مزید دو دن بارش کا امکان ہے اور اس سلسلے کے بعد ایک اور بارش کا سلسلہ متوقع ہے۔ نیا سلسلہ دس دن کے وقفے سے شروع ہو سکتا ہے۔
کل موسم کی کیا صورتحال ہوگی؟,آپ کے علاقے میں مزید دو دن بارش کا امکان ہے اور اس سلسلے کے بعد ایک اور بارش کا سلسلہ متوقع ہے۔ نیا سلسلہ دس دن کے وقفے سے شروع ہو سکتا ہے۔
آج بارش کے کیا امکانات ہیں؟,آپ کے علاقے میں مزید دو دن بارش کا امکان ہے اور اس سلسلے کے بعد ایک اور بارش کا سلسلہ متوقع ہے۔ نیا سلسلہ دس دن کے وقفے سے شروع ہو سکتا ہے۔
آج بارش کا کیا امکان ہے؟,آپ کے علاقے میں مزید دو دن بارش کا امکان ہے اور اس سلسلے کے بعد ایک اور بارش کا سلسلہ متوقع ہے۔ نیا سلسلہ دس دن کے وقفے سے شروع ہو سکتا ہے۔
کل بارش کا کیا امکان ہے؟,آپ کے علاقے میں مزید دو دن بارش کا امکان ہے اور اس سلسلے کے بعد ایک اور بارش کا سلسلہ متوقع ہے۔ نیا سلسلہ دس دن کے وقفے سے شروع ہو سکتا ہے۔
کل بارش کے کیا امکانات ہیں؟,آپ کے علاقے میں مزید دو دن بارش کا امکان ہے اور اس سلسلے کے بعد ایک اور بارش کا سلسلہ متوقع ہے۔ نیا سلسلہ دس دن کے وقفے سے شروع ہو سکتا ہے۔
کل بارش کی کیا توقع ہے؟,آپ کے علاقے میں مزید دو دن بارش کا امکان ہے اور اس سلسلے کے بعد ایک اور بارش کا سلسلہ متوقع ہے۔ نیا سلسلہ دس دن کے وقفے سے شروع ہو سکتا ہے۔
آج بارش کی کیا توقع ہے؟,آپ کے علاقے میں مزید دو دن بارش کا امکان ہے اور اس سلسلے کے بعد ایک اور بارش کا سلسلہ متوقع ہے۔ نیا سلسلہ دس دن کے وقفے سے شروع ہو سکتا ہے۔
آج میرے علاقے میں موسم کی کیا صورتحال ہے؟,آپ کے علاقے میں مزید دو دن بارش کا امکان ہے اور اس سلسلے کے بعد ایک اور بارش کا سلسلہ متوقع ہے۔ نیا سلسلہ دس دن کے وقفے سے شروع ہو سکتا ہے۔
